{"cameraMode":{"drawMode":0,"name":"Shaded","section":"Shading Mode"},"sceneLighting":true,"audioPlay":false,"sceneViewState":{"showFog":true,"showMaterialUpdate":false,"showSkybox":true,"showFlares":true,"showImageEffects":true,"showParticleSystems":true,"showVisualEffectGraphs":true,"m_FxEnabled":true},"in2DMode":false,"pivot":{"x":26.70608139038086,"y":3.0058398246765138,"z":4.981808662414551},"rotation":{"x":0.025807367637753488,"y":0.0014953134814277292,"z":-0.00003856502735288814,"w":0.9996675848960877},"size":15.241312980651856,"orthographic":false}