{"cameraMode":{"drawMode":0,"name":"Shaded","section":"Shading Mode"},"sceneLighting":true,"audioPlay":false,"sceneViewState":{"showFog":true,"showMaterialUpdate":false,"showSkybox":true,"showFlares":true,"showImageEffects":true,"showParticleSystems":true,"showVisualEffectGraphs":true,"m_FxEnabled":true},"in2DMode":false,"pivot":{"x":204.8237762451172,"y":134.82278442382813,"z":-401.7879638671875},"rotation":{"x":0.0016566141275689006,"y":0.9982163906097412,"z":-0.03326242417097092,"w":0.04975469037890434},"size":372.3215026855469,"orthographic":false}