{"cameraMode":{"drawMode":0,"name":"Shaded","section":"Shading Mode"},"sceneLighting":false,"audioPlay":false,"sceneViewState":{"showFog":true,"showMaterialUpdate":false,"showSkybox":false,"showFlares":true,"showImageEffects":true,"showParticleSystems":true,"showVisualEffectGraphs":true,"m_FxEnabled":true},"in2DMode":false,"pivot":{"x":0.20805895328521729,"y":2.9803333282470705,"z":-0.4445219039916992},"rotation":{"x":0.12337560206651688,"y":-0.8449822068214417,"z":0.47098612785339358,"w":0.22134517133235932},"size":3.698765993118286,"orthographic":false}